BANFN,BNFPO,MATNR,WERKS,MENGE,NETPR,ERDAT,EBELN
100001,00010,M100488,PL01,20,21.36,2025-04-13,45000000675
100002,00010,M100414,PL02,18,31.27,2025-04-18,45000001700
100003,00010,M100385,PL03,17,0.62,2025-04-04,45000001283
100004,00010,M100093,PL01,20,9.95,2025-02-21,45000001316
100005,00010,M100457,PL01,24,10.9,2025-03-29,45000001211
100006,00010,M100485,PL01,23,13.78,2025-04-09,45000001637
100007,00010,M100449,PL03,22,64.7,2025-01-11,45000000614
100008,00010,M100346,PL03,15,24.84,2024-12-21,45000000448
100009,00010,M100429,PL01,18,68.0,2025-05-24,45000001132
100010,00010,M100059,PL02,18,44.79,2025-04-11,45000000809
100011,00010,M100138,PL01,24,7.73,2025-01-27,45000001497
100012,00010,M100409,PL01,12,30.61,2025-03-26,45000001469
100013,00010,M100272,PL01,17,12.6,2025-03-03,45000001683
100014,00010,M100027,PL02,16,4.27,2025-04-28,45000001150
100015,00010,M100201,PL01,23,27.72,2025-04-28,45000000443
100016,00010,M100382,PL01,19,30.82,2025-03-17,45000001814
100017,00010,M100392,PL01,25,13.5,2025-02-25,45000000655
100018,00010,M100302,PL02,15,5.14,2025-05-16,45000001265
100019,00010,M100073,PL01,18,3.03,2025-01-16,45000000859
100020,00010,M100411,PL01,28,19.26,2025-04-15,45000001483
100021,00010,M100274,PL01,27,9.05,2025-01-27,45000000232
100022,00010,M100114,PL02,20,26.79,2024-12-12,45000001822
100023,00010,M100371,PL02,14,19.65,2025-04-10,45000001927
100024,00010,M100114,PL01,28,28.86,2025-02-13,45000000882
100025,00010,M100319,PL02,17,10.75,2025-03-22,45000000632
100026,00010,M100404,PL03,19,15.0,2025-05-09,45000000376
100027,00010,M100160,PL01,12,10.34,2025-04-07,45000001961
100028,00010,M100050,PL01,26,10.31,2025-05-10,45000000368
100029,00010,M100195,PL01,28,39.72,2025-04-27,45000000559
100030,00010,M100253,PL03,20,70.37,2025-03-24,45000000276
100031,00010,M100156,PL03,22,10.66,2025-04-25,45000001978
100032,00010,M100358,PL01,21,14.01,2025-01-02,45000000875
100033,00010,M100070,PL01,18,510.5,2025-01-01,45000001679
100034,00010,M100480,PL01,22,20.85,2025-01-09,45000000731
100035,00010,M100307,PL03,11,3.97,2025-01-14,45000000574
100036,00010,M100247,PL01,22,16.92,2025-02-15,45000000719
100037,00010,M100295,PL03,11,14.95,2025-05-28,45000000578
100038,00010,M100500,PL01,18,21.17,2025-03-07,45000000057
100039,00010,M100061,PL03,19,3.38,2025-05-07,45000000869
100040,00010,M100447,PL02,23,10.97,2025-06-13,45000001729
100041,00010,M100488,PL03,15,23.4,2025-04-14,45000000187
100042,00010,M100155,PL02,24,54.49,2025-03-26,45000000283
100043,00010,M100092,PL01,19,82.78,2025-05-27,45000001139
100044,00010,M100465,PL01,16,21.12,2025-01-27,45000001045
100045,00010,M100397,PL01,18,18.2,2025-04-20,45000001069
100046,00010,M100188,PL01,22,35.35,2025-01-19,45000001625
100047,00010,M100345,PL02,27,22.44,2025-04-01,45000000676
100048,00010,M100312,PL01,28,12.57,2025-01-16,45000001702
100049,00010,M100330,PL02,22,32.1,2024-12-26,45000001887
100050,00010,M100239,PL01,15,3.93,2024-12-19,45000001825
100051,00010,M100217,PL02,17,21.3,2025-02-26,45000001762
100052,00010,M100184,PL03,17,22.74,2025-03-10,45000001419
100053,00010,M100316,PL03,32,28.12,2025-03-08,45000000588
100054,00010,M100244,PL02,13,105.15,2024-12-19,45000000193
100055,00010,M100461,PL02,15,37.39,2025-03-15,45000000694
100056,00010,M100375,PL02,14,27.92,2025-02-05,45000000765
100057,00010,M100460,PL01,19,20.38,2025-05-09,45000000672
100058,00010,M100190,PL03,18,1.43,2025-03-09,45000000900
100059,00010,M100114,PL03,25,21.78,2025-05-24,45000001689
100060,00010,M100328,PL02,21,103.26,2025-02-14,45000001072
100061,00010,M100412,PL03,14,9.09,2024-12-09,45000000305
100062,00010,M100001,PL02,20,33.34,2025-04-30,45000000121
100063,00010,M100158,PL02,22,7.19,2025-01-09,45000001101
100064,00010,M100326,PL02,21,8.1,2025-06-09,45000001257
100065,00010,M100184,PL03,25,9.43,2025-02-14,45000001416
100066,00010,M100059,PL01,16,59.42,2025-01-14,45000000873
100067,00010,M100419,PL02,25,15.46,2025-04-14,45000001271
100068,00010,M100329,PL03,22,4.57,2025-05-22,45000000536
100069,00010,M100202,PL02,16,22.07,2025-03-08,45000000730
100070,00010,M100401,PL01,19,30.65,2025-04-06,45000001403
100071,00010,M100379,PL01,17,42.21,2025-02-07,45000001812
100072,00010,M100278,PL02,25,14.14,2025-03-12,45000001619
100073,00010,M100105,PL01,23,29.36,2025-03-25,45000001843
100074,00010,M100257,PL02,23,31.04,2025-04-25,45000001911
100075,00010,M100160,PL02,18,71.66,2024-12-11,45000001441
100076,00010,M100007,PL03,19,96.88,2025-04-21,45000001028
100077,00010,M100211,PL02,16,5.47,2025-03-30,45000001370
100078,00010,M100117,PL02,24,18.09,2025-06-01,45000001136
100079,00010,M100500,PL01,21,12.97,2025-03-24,45000001438
100080,00010,M100083,PL01,21,174.3,2025-04-25,45000000775
100081,00010,M100095,PL01,17,32.2,2025-04-17,45000000326
100082,00010,M100474,PL02,20,13.59,2025-05-31,45000000656
100083,00010,M100001,PL03,16,2.31,2025-02-24,45000000103
100084,00010,M100406,PL03,22,157.19,2024-12-16,45000000127
100085,00010,M100317,PL02,14,36.05,2024-12-21,45000001054
100086,00010,M100256,PL02,21,14.19,2025-04-07,45000001228
100087,00010,M100220,PL02,20,43.59,2025-02-28,45000000928
100088,00010,M100447,PL03,21,5.39,2025-02-10,45000000049
100089,00010,M100325,PL03,25,47.33,2025-05-25,45000000112
100090,00010,M100048,PL03,18,59.97,2025-04-14,45000000237
100091,00010,M100435,PL01,17,5.22,2025-03-04,45000000373
100092,00010,M100130,PL01,15,34.78,2025-01-08,45000000995
100093,00010,M100096,PL02,20,12.72,2025-03-27,45000000286
100094,00010,M100295,PL01,18,11.64,2024-12-22,45000001972
100095,00010,M100151,PL01,28,4.64,2025-02-27,45000001713
100096,00010,M100371,PL01,20,7.84,2025-02-17,45000000561
100097,00010,M100015,PL03,19,15.75,2025-05-09,45000001298
100098,00010,M100372,PL01,21,31.24,2025-04-23,45000001465
100099,00010,M100342,PL03,20,24.94,2025-05-22,45000000878
100100,00010,M100184,PL01,20,8.8,2025-04-10,45000000088
100101,00010,M100263,PL03,18,29.36,2025-03-26,45000001686
100102,00010,M100195,PL02,22,42.19,2025-04-18,45000000109
100103,00010,M100324,PL03,18,51.7,2025-02-07,45000000987
100104,00010,M100173,PL01,15,49.49,2025-02-16,45000000048
100105,00010,M100359,PL03,26,45.97,2025-06-24,45000000699
100106,00010,M100308,PL02,17,30.59,2025-06-22,45000001955
100107,00010,M100365,PL02,20,11.63,2025-01-27,45000001808
100108,00010,M100132,PL01,12,12.7,2025-02-16,45000001343
100109,00010,M100361,PL03,19,228.27,2025-04-04,45000000701
100110,00010,M100197,PL03,20,88.17,2025-04-11,45000001147
100111,00010,M100100,PL01,19,16.83,2025-02-17,45000000556
100112,00010,M100020,PL03,14,120.88,2025-04-14,45000000479
100113,00010,M100400,PL01,18,18.85,2025-01-20,45000001481
100114,00010,M100072,PL02,28,10.85,2025-01-23,45000001987
100115,00010,M100190,PL01,23,29.36,2025-04-13,45000000487
100116,00010,M100251,PL02,18,5.02,2024-12-22,45000000858
100117,00010,M100137,PL01,20,17.24,2025-04-05,45000000702
100118,00010,M100074,PL03,15,5.12,2025-01-12,45000001087
100119,00010,M100110,PL02,23,140.16,2025-01-23,45000001596
100120,00010,M100296,PL02,13,69.7,2025-03-25,45000001088
100121,00010,M100333,PL02,20,3.09,2025-06-07,45000001059
100122,00010,M100254,PL01,19,16.27,2025-04-09,45000001232
100123,00010,M100042,PL03,20,6.92,2025-05-20,45000001648
100124,00010,M100346,PL03,18,27.16,2024-12-30,45000001220
100125,00010,M100327,PL01,20,108.42,2024-12-16,45000000828
100126,00010,M100365,PL03,23,5.21,2025-01-31,45000001315
100127,00010,M100399,PL03,27,18.38,2025-01-22,45000001248
100128,00010,M100416,PL02,18,4.75,2025-02-16,45000001229
100129,00010,M100263,PL02,21,30.54,2025-04-22,45000001945
100130,00010,M100122,PL01,19,9.93,2025-01-02,45000000951
100131,00010,M100058,PL03,14,18.73,2024-12-20,45000001238
100132,00010,M100455,PL01,22,28.97,2025-02-05,45000000746
100133,00010,M100342,PL03,21,24.06,2025-01-03,45000000762
100134,00010,M100332,PL02,21,17.74,2025-03-21,45000000407
100135,00010,M100373,PL02,21,21.87,2024-12-20,45000000693
100136,00010,M100470,PL01,12,10.63,2025-04-29,45000001066
100137,00010,M100340,PL02,21,70.17,2025-03-16,45000001931
100138,00010,M100058,PL03,17,35.83,2025-01-26,45000000349
100139,00010,M100281,PL01,17,97.09,2025-06-20,45000001787
100140,00010,M100064,PL03,31,19.22,2025-05-17,45000000170
100141,00010,M100346,PL02,18,2.44,2025-02-12,45000000888
100142,00010,M100099,PL03,26,8.13,2025-05-15,45000000481
100143,00010,M100153,PL02,18,3.44,2025-04-05,45000001611
100144,00010,M100023,PL03,16,21.3,2025-05-17,45000001335
100145,00010,M100278,PL03,16,45.47,2025-03-26,45000000513
100146,00010,M100159,PL03,29,13.43,2025-02-28,45000001422
100147,00010,M100088,PL02,22,23.3,2025-05-11,45000001167
100148,00010,M100294,PL01,21,120.12,2025-02-14,45000001947
100149,00010,M100425,PL03,17,14.35,2025-01-30,45000001074
100150,00010,M100289,PL02,20,9.54,2025-01-21,45000001692
100151,00010,M100200,PL03,24,9.39,2025-03-03,45000000511
100152,00010,M100411,PL02,18,12.59,2024-12-26,45000000390
100153,00010,M100180,PL02,15,29.09,2025-03-16,45000001658
100154,00010,M100315,PL03,34,88.15,2025-03-20,45000001029
100155,00010,M100137,PL01,20,65.14,2025-02-06,45000000182
100156,00010,M100434,PL02,18,83.49,2025-06-13,45000001541
100157,00010,M100224,PL01,22,105.1,2025-01-25,45000001244
100158,00010,M100072,PL03,16,30.11,2025-02-10,45000001863
100159,00010,M100256,PL03,15,8.45,2025-06-07,45000000613
100160,00010,M100088,PL01,22,27.73,2025-05-19,45000001429
100161,00010,M100078,PL02,20,3.89,2025-06-05,45000001110
100162,00010,M100221,PL03,16,47.56,2024-12-24,45000001552
100163,00010,M100070,PL01,17,10.91,2025-03-11,45000001168
100164,00010,M100333,PL02,23,13.91,2025-02-02,45000000624
100165,00010,M100489,PL02,14,10.88,2025-03-19,45000000138
100166,00010,M100218,PL02,27,8.44,2025-05-21,45000001568
100167,00010,M100228,PL03,20,223.69,2025-02-18,45000000162
100168,00010,M100414,PL02,27,15.62,2025-05-05,45000000310
100169,00010,M100434,PL03,20,48.36,2025-05-31,45000001263
100170,00010,M100288,PL02,18,17.49,2025-02-22,45000000749
100171,00010,M100254,PL03,21,21.9,2024-12-30,45000000698
100172,00010,M100049,PL01,19,9.58,2025-06-06,45000001444
100173,00010,M100022,PL03,18,5.04,2025-01-29,45000000178
100174,00010,M100071,PL03,25,67.13,2024-12-25,45000001562
100175,00010,M100248,PL03,17,36.22,2025-05-16,45000000271
100176,00010,M100326,PL02,18,26.51,2025-01-06,45000000526
100177,00010,M100384,PL03,19,4.08,2025-05-18,45000000988
100178,00010,M100330,PL02,19,10.77,2025-02-23,45000000847
100179,00010,M100252,PL01,19,38.11,2024-12-11,45000000564
100180,00010,M100283,PL01,21,68.01,2024-12-30,45000001266
100181,00010,M100006,PL03,17,8.72,2025-05-08,45000000994
100182,00010,M100126,PL03,16,104.63,2025-05-27,45000001603
100183,00010,M100091,PL02,20,8.73,2024-12-08,45000000662
100184,00010,M100330,PL01,22,16.89,2025-04-03,45000001991
100185,00010,M100474,PL03,12,13.88,2025-02-17,45000001016
100186,00010,M100193,PL03,22,32.77,2024-12-11,45000001633
100187,00010,M100072,PL03,16,28.9,2025-02-02,45000001292
100188,00010,M100371,PL03,26,96.44,2025-03-21,45000001407
100189,00010,M100101,PL01,16,4.8,2025-03-24,45000000195
100190,00010,M100388,PL03,24,92.28,2025-05-22,45000000626
100191,00010,M100126,PL02,23,31.12,2025-06-10,45000000383
100192,00010,M100118,PL03,26,23.6,2025-02-08,45000001519
100193,00010,M100117,PL01,20,578.82,2025-05-27,45000001216
100194,00010,M100455,PL02,21,19.74,2025-02-10,45000001548
100195,00010,M100200,PL01,15,8.59,2025-02-09,45000000259
100196,00010,M100471,PL03,13,27.18,2025-03-01,45000000076
100197,00010,M100101,PL02,15,8.46,2025-04-24,45000000191
100198,00010,M100130,PL03,23,40.7,2025-06-06,45000000322
100199,00010,M100221,PL01,18,39.83,2025-02-26,45000000973
100200,00010,M100437,PL03,25,3.94,2025-04-06,45000000927
100201,00010,M100148,PL03,12,8.75,2025-01-09,45000000542
100202,00010,M100231,PL02,19,35.43,2025-05-03,45000001133
100203,00010,M100351,PL03,20,31.15,2025-03-11,45000001583
100204,00010,M100212,PL03,20,37.2,2025-03-11,45000001245
100205,00010,M100045,PL02,34,48.1,2025-05-26,45000001948
100206,00010,M100182,PL01,23,43.47,2025-03-01,45000000861
100207,00010,M100128,PL01,24,104.53,2025-05-31,45000001477
100208,00010,M100108,PL02,22,49.06,2025-03-23,45000001786
100209,00010,M100333,PL02,21,13.26,2025-03-28,45000001268
100210,00010,M100264,PL02,21,17.23,2025-01-17,45000000841
100211,00010,M100303,PL01,21,8.6,2025-03-25,45000001635
100212,00010,M100259,PL01,15,26.05,2025-06-28,45000001866
100213,00010,M100499,PL02,20,10.75,2025-06-19,45000000293
100214,00010,M100323,PL02,19,5.74,2025-03-20,45000000661
100215,00010,M100164,PL03,16,16.13,2025-04-25,45000000825
100216,00010,M100299,PL01,19,24.53,2025-02-14,45000000302
100217,00010,M100500,PL02,17,19.13,2024-12-19,45000000926
100218,00010,M100156,PL01,23,62.71,2025-06-17,45000000454
100219,00010,M100271,PL01,23,21.48,2025-03-11,45000001779
100220,00010,M100256,PL01,20,70.64,2025-02-08,45000000944
100221,00010,M100106,PL03,23,34.12,2025-02-09,45000001448
100222,00010,M100015,PL01,18,7.43,2024-12-31,45000001529
100223,00010,M100332,PL01,17,43.39,2025-01-26,45000001337
100224,00010,M100256,PL01,17,9.2,2025-01-16,45000000120
100225,00010,M100023,PL03,30,19.8,2025-02-15,45000001899
100226,00010,M100402,PL01,16,22.18,2025-01-26,45000000038
100227,00010,M100284,PL01,25,20.21,2025-04-08,45000000862
100228,00010,M100199,PL03,20,10.99,2025-04-06,45000001042
100229,00010,M100021,PL02,20,22.1,2025-03-25,45000000242
100230,00010,M100388,PL02,18,2.2,2025-05-31,45000001555
100231,00010,M100457,PL01,25,29.44,2025-01-16,45000001377
100232,00010,M100332,PL01,18,35.2,2025-03-28,45000001247
100233,00010,M100354,PL03,19,92.2,2025-05-17,45000001788
100234,00010,M100151,PL01,21,3.66,2025-02-05,45000000953
100235,00010,M100401,PL01,24,9.05,2024-12-27,45000000224
100236,00010,M100134,PL01,20,9.91,2025-05-28,45000001052
100237,00010,M100113,PL02,13,13.19,2025-04-06,45000000780
100238,00010,M100258,PL03,18,42.28,2025-05-01,45000001457
100239,00010,M100165,PL02,19,11.84,2025-04-22,45000001272
100240,00010,M100047,PL03,21,30.66,2025-05-06,45000001502
100241,00010,M100409,PL02,16,23.89,2025-03-16,45000001547
100242,00010,M100115,PL03,15,22.85,2025-04-16,45000000615
100243,00010,M100033,PL01,12,40.55,2025-06-10,45000000508
100244,00010,M100127,PL02,23,8.3,2025-06-06,45000001806
100245,00010,M100077,PL03,20,118.42,2025-02-12,45000000009
100246,00010,M100141,PL02,20,33.84,2025-04-25,45000000298
100247,00010,M100184,PL02,22,33.32,2025-04-25,45000001018
100248,00010,M100307,PL03,22,16.58,2025-03-10,45000000923
100249,00010,M100138,PL03,18,40.2,2025-04-26,45000001905
100250,00010,M100498,PL01,24,21.13,2025-03-26,45000001640
100251,00010,M100170,PL02,20,37.05,2025-05-26,45000000387
100252,00010,M100306,PL03,15,27.91,2025-01-12,45000000332
100253,00010,M100087,PL02,13,81.73,2025-04-05,45000001284
100254,00010,M100170,PL01,22,26.33,2025-01-07,45000001707
100255,00010,M100378,PL01,15,38.78,2025-01-27,45000001514
100256,00010,M100250,PL01,20,7.32,2025-05-05,45000001173
100257,00010,M100169,PL01,18,31.08,2025-06-12,45000001039
100258,00010,M100223,PL01,21,57.54,2025-03-26,45000001736
100259,00010,M100455,PL02,23,116.66,2025-03-24,45000000738
100260,00010,M100040,PL01,26,63.82,2025-01-24,45000000203
100261,00010,M100361,PL02,30,78.92,2025-05-27,45000001305
100262,00010,M100419,PL03,22,31.46,2025-06-04,45000001647
100263,00010,M100250,PL01,20,17.16,2025-02-02,45000000061
100264,00010,M100446,PL01,15,26.08,2025-01-07,45000001623
100265,00010,M100053,PL03,21,4.59,2024-12-18,45000001639
100266,00010,M100409,PL02,16,13.44,2025-01-27,45000001275
100267,00010,M100408,PL03,12,3.15,2024-12-15,45000000621
100268,00010,M100279,PL01,24,5.26,2025-06-16,45000001362
100269,00010,M100356,PL02,10,18.9,2025-06-05,45000001185
100270,00010,M100344,PL03,17,1.57,2025-01-18,45000001163
100271,00010,M100338,PL01,18,82.1,2025-03-20,45000000369
100272,00010,M100116,PL03,28,52.97,2025-04-23,45000001199
100273,00010,M100231,PL02,21,17.43,2025-03-16,45000000811
100274,00010,M100318,PL03,13,49.28,2025-02-10,45000001205
100275,00010,M100218,PL03,22,8.32,2025-03-20,45000001009
100276,00010,M100144,PL03,20,23.14,2025-01-29,45000000889
100277,00010,M100007,PL02,24,12.91,2025-03-08,45000000099
100278,00010,M100125,PL03,18,40.91,2025-05-07,45000001669
100279,00010,M100428,PL01,14,47.43,2025-03-09,45000000261
100280,00010,M100418,PL03,25,19.68,2025-05-29,45000001001
100281,00010,M100142,PL01,24,22.87,2025-05-15,45000000159
100282,00010,M100213,PL03,24,75.93,2025-06-05,45000001549
100283,00010,M100098,PL02,16,8.12,2025-02-14,45000000548
100284,00010,M100406,PL02,27,12.22,2025-03-23,45000001758
100285,00010,M100108,PL01,24,10.99,2025-01-26,45000001404
100286,00010,M100499,PL01,19,9.97,2025-06-03,45000001179
100287,00010,M100089,PL01,16,68.41,2024-12-13,45000001900
100288,00010,M100319,PL02,17,24.62,2025-04-27,45000000397
100289,00010,M100330,PL01,14,123.38,2025-03-07,45000001160
100290,00010,M100209,PL01,24,23.63,2025-02-23,45000001007
100291,00010,M100135,PL02,27,46.4,2025-02-06,45000001380
100292,00010,M100198,PL01,18,18.2,2025-05-05,45000000083
100293,00010,M100032,PL01,20,49.63,2024-12-26,45000001594
100294,00010,M100331,PL03,26,15.96,2025-02-07,45000000983
100295,00010,M100124,PL03,16,31.64,2025-02-11,45000001798
100296,00010,M100200,PL03,19,7.13,2025-04-22,45000000105
100297,00010,M100018,PL01,32,3.6,2025-02-15,45000000770
100298,00010,M100391,PL02,23,71.65,2025-01-02,45000000597
100299,00010,M100257,PL02,25,8.16,2025-01-21,45000001339
100300,00010,M100138,PL02,17,8.39,2025-03-12,45000000433
100301,00010,M100250,PL01,19,27.4,2025-06-04,45000000404
100302,00010,M100032,PL01,9,27.2,2025-02-17,45000001612
100303,00010,M100214,PL03,18,42.15,2025-05-28,45000001883
100304,00010,M100319,PL02,24,9.27,2025-02-22,45000001751
100305,00010,M100463,PL01,20,6.13,2025-05-24,45000000960
100306,00010,M100023,PL02,18,35.87,2025-03-07,45000001476
100307,00010,M100432,PL03,24,7.5,2024-12-27,45000001523
100308,00010,M100265,PL01,27,133.31,2025-03-26,45000000917
100309,00010,M100087,PL03,11,57.12,2025-06-23,45000001731
100310,00010,M100109,PL02,27,3.69,2025-01-21,45000001212
100311,00010,M100049,PL01,18,70.38,2025-02-03,45000001872
100312,00010,M100238,PL01,20,9.93,2025-03-05,45000000134
100313,00010,M100098,PL02,19,49.73,2025-01-01,45000000228
100314,00010,M100268,PL01,29,58.7,2025-06-06,45000001638
100315,00010,M100246,PL02,21,49.35,2025-03-27,45000001396
100316,00010,M100174,PL01,23,14.27,2025-05-31,45000000092
100317,00010,M100471,PL01,19,8.82,2025-01-28,45000000580
100318,00010,M100121,PL01,18,37.5,2025-02-02,45000000903
100319,00010,M100162,PL03,21,47.8,2025-04-09,45000000012
100320,00010,M100234,PL01,17,10.97,2025-02-02,45000000901
100321,00010,M100467,PL03,24,13.58,2025-05-21,45000001513
100322,00010,M100208,PL01,17,11.67,2025-01-12,45000000054
100323,00010,M100183,PL01,12,52.26,2025-05-21,45000000268
100324,00010,M100198,PL02,24,21.71,2024-12-29,45000001682
100325,00010,M100103,PL01,16,22.59,2025-03-28,45000001940
100326,00010,M100419,PL01,18,63.97,2025-05-08,45000001989
100327,00010,M100330,PL02,12,196.99,2025-03-13,45000000429
100328,00010,M100139,PL03,15,40.14,2025-05-09,45000001605
100329,00010,M100022,PL02,15,3.53,2024-12-31,45000000108
100330,00010,M100280,PL01,24,25.17,2025-02-07,45000000835
100331,00010,M100436,PL02,16,7.6,2025-03-26,45000000066
100332,00010,M100138,PL02,21,22.31,2025-06-09,45000001826
100333,00010,M100451,PL02,14,15.67,2025-03-23,45000001302
100334,00010,M100433,PL01,25,1.91,2025-03-14,45000000537
100335,00010,M100150,PL03,24,20.9,2025-02-09,45000001471
100336,00010,M100364,PL02,22,35.48,2025-02-18,45000000168
100337,00010,M100006,PL02,21,47.26,2024-12-23,45000000958
100338,00010,M100088,PL01,15,3.94,2025-02-03,45000000367
100339,00010,M100368,PL01,15,21.49,2025-01-23,45000000599
100340,00010,M100051,PL02,17,8.51,2025-06-24,45000000265
100341,00010,M100079,PL02,21,9.78,2025-03-16,45000000352
100342,00010,M100252,PL01,20,3.43,2024-12-19,45000000422
100343,00010,M100059,PL03,17,3.12,2025-04-17,45000001118
100344,00010,M100259,PL02,13,10.02,2025-02-26,45000001984
100345,00010,M100040,PL03,14,28.93,2024-12-31,45000001652
100346,00010,M100356,PL01,24,33.63,2025-04-11,45000000269
100347,00010,M100445,PL01,21,9.2,2025-05-31,45000000794
100348,00010,M100102,PL03,21,12.26,2025-03-14,45000000004
100349,00010,M100285,PL03,21,14.63,2025-03-22,45000001382
100350,00010,M100379,PL01,32,44.53,2025-03-16,45000001348
100351,00010,M100479,PL03,23,41.59,2025-05-11,45000000307
100352,00010,M100212,PL03,16,42.04,2025-03-14,45000000415
100353,00010,M100262,PL01,22,28.93,2025-05-24,45000001951
100354,00010,M100165,PL01,24,4.63,2025-02-19,45000000645
100355,00010,M100076,PL01,32,4.25,2025-01-29,45000000018
100356,00010,M100270,PL01,20,6.86,2025-04-24,45000000249
100357,00010,M100228,PL03,15,113.11,2025-04-13,45000000573
100358,00010,M100166,PL03,22,38.55,2024-12-22,45000000932
100359,00010,M100318,PL03,25,8.96,2025-04-11,45000000758
100360,00010,M100003,PL03,27,18.37,2025-05-02,45000001875
100361,00010,M100404,PL01,28,8.17,2025-02-27,45000000282
100362,00010,M100456,PL03,30,13.88,2025-02-06,45000000603
100363,00010,M100453,PL03,17,40.92,2025-05-27,45000001190
100364,00010,M100187,PL02,20,10.4,2025-05-08,45000001556
100365,00010,M100477,PL01,26,41.61,2025-03-12,45000001740
100366,00010,M100156,PL03,12,14.35,2025-01-16,45000000300
100367,00010,M100261,PL03,18,27.26,2025-06-04,45000001116
100368,00010,M100173,PL01,24,95.6,2025-05-30,45000001618
100369,00010,M100208,PL03,16,10.27,2025-02-18,45000000703
100370,00010,M100479,PL03,32,62.3,2025-04-22,45000000303
100371,00010,M100065,PL03,25,11.12,2025-05-15,45000001005
100372,00010,M100226,PL03,25,39.5,2025-05-19,45000001628
100373,00010,M100221,PL03,17,13.99,2024-12-11,45000000342
100374,00010,M100239,PL03,24,27.02,2025-05-02,45000000586
100375,00010,M100049,PL03,17,12.09,2025-03-17,45000001976
100376,00010,M100346,PL02,27,24.29,2025-03-18,45000000260
100377,00010,M100063,PL02,21,8.31,2025-04-19,45000001664
100378,00010,M100480,PL01,19,165.56,2025-05-08,45000001231
100379,00010,M100214,PL03,18,7.6,2025-04-07,45000001840
100380,00010,M100091,PL02,20,39.61,2025-02-26,45000000416
100381,00010,M100263,PL01,16,26.76,2025-04-22,45000000141
100382,00010,M100052,PL02,22,36.96,2025-05-25,45000000166
100383,00010,M100168,PL03,28,22.56,2025-02-15,45000000528
100384,00010,M100299,PL02,26,36.08,2024-12-11,45000001730
100385,00010,M100173,PL02,30,20.43,2025-01-06,45000000050
100386,00010,M100262,PL01,23,9.81,2025-06-10,45000001082
100387,00010,M100091,PL02,20,12.78,2025-03-17,45000001986
100388,00010,M100052,PL02,28,44.62,2025-01-06,45000000535
100389,00010,M100113,PL01,19,63.04,2025-02-26,45000001853
100390,00010,M100447,PL01,21,29.04,2025-03-22,45000001943
100391,00010,M100079,PL03,20,73.74,2025-04-23,45000000822
100392,00010,M100281,PL03,17,14.68,2025-05-12,45000000727
100393,00010,M100085,PL02,21,14.96,2025-05-09,45000000642
100394,00010,M100243,PL02,14,3.17,2024-12-25,45000001957
100395,00010,M100015,PL02,21,23.15,2025-04-02,45000001442
100396,00010,M100031,PL01,26,30.14,2025-02-12,45000000401
100397,00010,M100309,PL01,20,9.55,2025-06-23,45000000764
100398,00010,M100013,PL02,17,17.67,2025-02-12,45000000386
100399,00010,M100207,PL01,19,32.01,2025-06-04,45000001668
100400,00010,M100065,PL03,13,39.57,2025-03-31,45000001821
100401,00010,M100159,PL01,12,3.21,2024-12-13,45000000001
100402,00010,M100169,PL02,13,43.07,2025-02-25,45000000817
100403,00010,M100025,PL02,25,39.81,2025-04-02,45000000791
100404,00010,M100158,PL01,24,27.59,2025-04-07,45000000362
100405,00010,M100409,PL02,13,5.69,2025-02-19,45000000593
100406,00010,M100450,PL02,14,6.23,2025-01-13,45000001676
100407,00010,M100050,PL03,23,31.71,2025-01-24,45000000116
100408,00010,M100343,PL01,26,7.12,2025-05-16,45000001080
100409,00010,M100273,PL02,16,19.09,2025-04-25,45000000547
100410,00010,M100241,PL02,22,4.92,2025-06-03,45000000337
100411,00010,M100221,PL01,19,23.68,2025-04-08,45000001226
100412,00010,M100125,PL02,19,5.47,2025-01-31,45000001657
100413,00010,M100122,PL03,17,11.11,2024-12-28,45000000202
100414,00010,M100292,PL01,18,8.08,2025-01-07,45000000907
100415,00010,M100049,PL01,19,5.06,2025-06-13,45000000031
100416,00010,M100259,PL03,15,15.62,2025-03-17,45000000425
100417,00010,M100295,PL01,19,28.05,2025-04-05,45000001584
100418,00010,M100395,PL02,19,22.58,2025-02-02,45000001632
100419,00010,M100080,PL03,24,29.26,2025-03-30,45000001154
100420,00010,M100466,PL01,21,9.68,2025-03-09,45000001782
100421,00010,M100498,PL03,18,16.67,2024-12-08,45000001755
100422,00010,M100319,PL01,16,26.35,2025-05-16,45000000609
100423,00010,M100014,PL02,22,16.29,2025-04-16,45000001672
100424,00010,M100307,PL01,17,16.08,2025-02-18,45000000970
100425,00010,M100248,PL03,18,25.78,2025-06-16,45000000294
100426,00010,M100421,PL03,13,11.15,2025-02-19,45000000306
100427,00010,M100272,PL02,22,179.59,2025-06-08,45000000654
100428,00010,M100136,PL01,15,11.77,2025-01-21,45000001464
100429,00010,M100201,PL03,23,64.09,2025-05-17,45000000147
100430,00010,M100182,PL03,18,30.3,2025-06-22,45000000969
100431,00010,M100031,PL01,19,29.89,2025-01-31,45000000331
100432,00010,M100426,PL02,20,11.83,2024-12-15,45000001918
100433,00010,M100105,PL01,26,7.54,2025-03-03,45000000620
100434,00010,M100408,PL02,25,3.57,2024-12-27,45000000725
100435,00010,M100188,PL01,19,9.74,2024-12-13,45000000419
100436,00010,M100181,PL01,25,18.94,2025-04-28,45000000992
100437,00010,M100078,PL03,19,20.73,2025-01-10,45000001706
100438,00010,M100331,PL02,16,19.21,2025-04-05,45000001973
100439,00010,M100003,PL03,26,87.16,2025-06-05,45000001142
100440,00010,M100406,PL02,21,16.25,2025-05-03,45000000354
100441,00010,M100052,PL02,22,26.92,2025-01-27,45000001094
100442,00010,M100039,PL01,15,26.99,2025-02-10,45000001280
100443,00010,M100245,PL01,24,1.55,2025-02-13,45000001992
100444,00010,M100389,PL02,24,55.12,2025-05-21,45000000040
100445,00010,M100482,PL03,14,9.13,2024-12-25,45000001891
100446,00010,M100101,PL03,15,21.59,2025-04-21,45000001804
100447,00010,M100414,PL03,17,26.71,2025-05-09,45000000803
100448,00010,M100485,PL01,20,10.83,2024-12-10,45000001048
100449,00010,M100189,PL03,19,18.62,2024-12-21,45000000081
100450,00010,M100076,PL02,31,21.73,2025-02-03,45000000435
100451,00010,M100183,PL02,24,28.41,2025-05-11,45000000706
100452,00010,M100326,PL02,24,15.67,2025-03-26,45000001354
100453,00010,M100013,PL03,23,4.4,2025-04-20,45000000102
100454,00010,M100293,PL01,16,11.27,2025-02-21,45000000608
100455,00010,M100090,PL01,27,17.69,2025-01-08,45000001084
100456,00010,M100344,PL03,24,3.44,2025-03-31,45000001410
100457,00010,M100387,PL03,18,34.64,2025-05-23,45000000229
100458,00010,M100194,PL01,22,16.84,2025-04-12,45000000680
100459,00010,M100052,PL02,15,7.05,2025-01-03,45000000829
100460,00010,M100323,PL02,19,38.09,2025-03-11,45000001734
100461,00010,M100069,PL02,14,103.89,2025-02-13,45000000802
100462,00010,M100255,PL01,25,15.9,2024-12-25,45000001206
100463,00010,M100180,PL03,18,20.36,2025-03-18,45000001699
100464,00010,M100153,PL02,16,12.74,2025-03-10,45000001091
100465,00010,M100153,PL03,23,6.01,2024-12-11,45000000465
100466,00010,M100088,PL01,22,2.43,2025-04-03,45000000977
100467,00010,M100416,PL01,20,42.33,2025-05-21,45000001391
100468,00010,M100123,PL01,20,13.99,2025-02-08,45000001916
100469,00010,M100218,PL03,23,73.99,2025-06-22,45000001831
100470,00010,M100382,PL03,22,0.76,2025-01-12,45000000234
100471,00010,M100228,PL01,25,6.85,2025-06-13,45000000985
100472,00010,M100402,PL03,13,23.37,2025-02-25,45000000805
100473,00010,M100261,PL01,15,32.01,2025-02-16,45000001324
100474,00010,M100314,PL01,25,24.2,2025-05-25,45000000336
100475,00010,M100483,PL03,16,53.61,2025-02-17,45000001366
100476,00010,M100093,PL03,24,21.24,2024-12-25,45000001299
100477,00010,M100218,PL01,29,20.84,2025-03-04,45000001630
100478,00010,M100265,PL02,13,8.65,2025-04-30,45000000554
100479,00010,M100296,PL02,22,14.59,2025-03-02,45000001530
100480,00010,M100420,PL02,26,16.04,2025-06-13,45000000768
100481,00010,M100462,PL01,19,26.37,2024-12-20,45000000436
100482,00010,M100399,PL03,12,14.25,2025-01-28,45000000557
100483,00010,M100031,PL02,24,17.77,2025-01-26,45000000971
100484,00010,M100467,PL01,29,22.76,2025-04-23,45000000984
100485,00010,M100125,PL01,20,11.5,2025-05-10,45000001654
100486,00010,M100416,PL01,17,9.04,2025-06-04,45000000284
100487,00010,M100123,PL01,21,4.82,2025-04-11,45000000304
100488,00010,M100009,PL01,23,83.42,2025-01-22,45000000447
100489,00010,M100486,PL01,23,79.1,2025-05-16,45000000623
100490,00010,M100377,PL01,25,21.03,2025-05-07,45000000967
100491,00010,M100174,PL03,21,21.71,2024-12-12,45000000886
100492,00010,M100209,PL03,19,25.94,2025-03-11,45000000914
100493,00010,M100407,PL01,16,27.38,2025-03-06,45000000041
100494,00010,M100497,PL02,21,1.59,2025-01-28,45000001010
100495,00010,M100375,PL03,13,9.61,2025-06-22,45000000059
100496,00010,M100318,PL03,22,6.35,2025-03-11,45000000538
100497,00010,M100129,PL01,27,33.78,2025-06-02,45000001451
100498,00010,M100494,PL02,24,18.07,2025-02-12,45000001920
100499,00010,M100046,PL03,18,28.55,2025-03-06,45000000256
100500,00010,M100166,PL02,17,16.32,2024-12-16,45000000590
100501,00010,M100455,PL03,17,9.77,2025-05-18,45000000651
100502,00010,M100022,PL03,25,22.0,2025-01-30,45000001105
100503,00010,M100256,PL01,20,6.09,2025-01-18,45000000562
100504,00010,M100213,PL01,22,199.37,2025-04-01,45000000644
100505,00010,M100344,PL02,25,72.21,2025-06-20,45000000442
100506,00010,M100163,PL03,21,28.73,2025-05-15,45000001629
100507,00010,M100493,PL03,23,3.26,2025-06-09,45000001997
100508,00010,M100221,PL01,17,2.68,2025-02-07,45000000681
100509,00010,M100136,PL02,18,71.88,2025-01-10,45000000813
100510,00010,M100422,PL02,12,9.15,2025-04-02,45000001505
100511,00010,M100186,PL02,28,9.77,2025-06-05,45000001646
100512,00010,M100223,PL03,24,21.55,2024-12-12,45000000463
100513,00010,M100153,PL01,23,87.19,2025-01-02,45000000737
100514,00010,M100044,PL01,20,3.08,2025-02-23,45000001540
100515,00010,M100235,PL02,23,137.36,2025-04-29,45000001634
100516,00010,M100113,PL03,20,89.85,2025-03-16,45000000954
100517,00010,M100352,PL01,18,14.92,2025-03-10,45000001829
100518,00010,M100252,PL01,32,51.84,2025-04-24,45000001267
100519,00010,M100326,PL02,22,11.76,2025-05-11,45000000937
100520,00010,M100353,PL03,18,16.05,2025-02-18,45000000020
100521,00010,M100128,PL01,23,4.3,2025-05-19,45000000853
100522,00010,M100458,PL01,15,41.54,2025-04-24,45000000896
100523,00010,M100096,PL02,20,7.7,2025-02-02,45000000637
100524,00010,M100191,PL03,19,6.29,2025-06-09,45000001253
100525,00010,M100006,PL01,24,25.49,2025-01-28,45000001234
100526,00010,M100070,PL03,27,102.07,2025-03-13,45000000670
100527,00010,M100330,PL01,20,7.23,2025-02-12,45000001264
100528,00010,M100095,PL01,16,30.82,2024-12-24,45000000635
100529,00010,M100166,PL01,16,9.07,2025-03-08,45000000209
100530,00010,M100235,PL02,19,11.91,2025-04-12,45000000289
100531,00010,M100476,PL02,14,5.72,2025-01-22,45000001939
100532,00010,M100329,PL02,20,4.95,2025-03-07,45000001484
100533,00010,M100325,PL02,29,8.95,2025-01-11,45000000409
100534,00010,M100153,PL02,19,76.1,2025-03-16,45000000629
100535,00010,M100204,PL02,19,13.44,2025-05-26,45000000023
100536,00010,M100485,PL01,28,9.46,2025-03-12,45000000205
100537,00010,M100191,PL02,19,189.3,2025-04-21,45000000871
100538,00010,M100400,PL02,16,3.58,2025-05-24,45000000341
100539,00010,M100486,PL02,20,12.58,2025-03-14,45000001873
100540,00010,M100173,PL03,19,56.06,2025-03-17,45000001222
100541,00010,M100498,PL02,21,14.11,2025-05-06,45000001855
100542,00010,M100378,PL03,20,15.26,2025-02-25,45000000550
100543,00010,M100220,PL01,26,18.17,2025-01-05,45000001580
100544,00010,M100120,PL01,16,7.95,2025-05-28,45000000532
100545,00010,M100143,PL01,24,28.73,2025-06-03,45000001462
100546,00010,M100236,PL01,20,77.75,2025-04-17,45000000082
100547,00010,M100444,PL03,25,12.09,2025-06-27,45000001180
100548,00010,M100146,PL03,15,3.96,2025-05-28,45000000052
100549,00010,M100343,PL01,18,18.97,2025-06-10,45000001033
100550,00010,M100145,PL03,11,13.74,2025-06-04,45000001242
100551,00010,M100299,PL01,20,94.8,2025-03-24,45000001659
100552,00010,M100104,PL01,17,7.84,2025-04-23,45000001436
100553,00010,M100357,PL03,21,38.07,2025-04-13,45000000095
100554,00010,M100403,PL01,19,41.69,2025-02-23,45000001828
100555,00010,M100256,PL01,9,26.08,2024-12-05,45000001251
100556,00010,M100337,PL01,20,45.73,2025-05-25,45000001202
100557,00010,M100480,PL01,16,8.92,2024-12-12,45000001733
100558,00010,M100052,PL02,21,5.61,2025-03-07,45000001534
100559,00010,M100308,PL03,27,6.5,2025-03-12,45000001615
100560,00010,M100144,PL03,23,2.88,2025-05-11,45000001673
100561,00010,M100238,PL03,25,8.06,2025-01-02,45000000920
100562,00010,M100192,PL02,17,84.76,2025-03-26,45000001856
100563,00010,M100306,PL03,19,3.81,2024-12-23,45000001331
100564,00010,M100297,PL03,17,15.49,2025-02-27,45000001510
100565,00010,M100369,PL02,17,19.62,2025-04-25,45000001710
100566,00010,M100049,PL02,25,5.18,2025-04-14,45000001060
100567,00010,M100289,PL01,18,3.96,2025-03-24,45000001723
100568,00010,M100374,PL01,14,17.19,2025-05-04,45000000161
100569,00010,M100324,PL02,17,27.54,2025-02-11,45000001269
100570,00010,M100302,PL02,13,129.61,2025-04-21,45000001119
100571,00010,M100404,PL03,12,46.74,2025-05-19,45000000673
100572,00010,M100138,PL02,24,11.05,2025-02-15,45000001459
100573,00010,M100109,PL03,17,40.45,2025-01-28,45000001781
100574,00010,M100179,PL03,22,26.63,2025-05-26,45000001835
100575,00010,M100440,PL03,22,11.76,2025-02-12,45000000287
100576,00010,M100199,PL02,24,3.53,2025-04-28,45000001926
100577,00010,M100186,PL01,20,39.76,2025-03-06,45000000017
100578,00010,M100315,PL03,20,41.47,2025-06-10,45000001225
100579,00010,M100475,PL01,23,109.04,2025-03-11,45000001538
100580,00010,M100093,PL01,24,72.6,2025-01-30,45000001867
100581,00010,M100427,PL03,27,21.44,2025-01-09,45000001832
100582,00010,M100470,PL02,16,19.25,2025-02-24,45000000978
100583,00010,M100335,PL02,13,19.6,2025-05-21,45000000779
100584,00010,M100027,PL01,18,10.22,2025-01-30,45000000136
100585,00010,M100485,PL02,11,79.67,2025-05-03,45000000846
100586,00010,M100276,PL03,21,52.32,2025-05-23,45000001902
100587,00010,M100484,PL01,19,50.72,2025-02-02,45000001642
100588,00010,M100176,PL03,23,4.28,2025-02-21,45000000212
100589,00010,M100101,PL01,23,45.79,2025-01-01,45000001566
100590,00010,M100145,PL01,19,30.97,2025-05-03,45000001131
100591,00010,M100239,PL03,12,27.0,2025-04-09,45000001489
100592,00010,M100109,PL02,25,1.87,2025-05-30,45000000089
100593,00010,M100133,PL03,15,39.39,2025-01-08,45000000892
100594,00010,M100344,PL03,24,58.95,2025-02-09,45000000299
100595,00010,M100146,PL01,19,17.27,2025-01-17,45000001935
100596,00010,M100406,PL03,30,11.24,2024-12-17,45000001383
100597,00010,M100411,PL02,33,5.92,2025-03-03,45000001372
100598,00010,M100150,PL03,22,44.27,2025-05-14,45000000855
100599,00010,M100370,PL02,24,24.18,2025-04-07,45000000996
100600,00010,M100013,PL02,28,7.31,2025-05-17,45000001498
100601,00010,M100054,PL03,28,52.75,2025-06-03,45000001195
100602,00010,M100073,PL01,23,122.42,2025-03-24,45000000046
100603,00010,M100092,PL01,25,51.42,2024-12-24,45000001478
100604,00010,M100401,PL03,23,20.34,2025-06-15,45000001294
100605,00010,M100019,PL02,23,2.74,2024-12-25,45000001737
100606,00010,M100423,PL01,13,4.18,2025-03-04,45000001780
100607,00010,M100165,PL03,22,39.16,2025-01-03,45000000529
100608,00010,M100394,PL03,19,363.66,2025-05-09,45000001721
100609,00010,M100219,PL01,22,18.78,2025-02-01,45000001554
100610,00010,M100004,PL03,17,28.53,2025-02-12,45000000482
100611,00010,M100153,PL03,21,10.1,2025-06-09,45000001644
100612,00010,M100184,PL02,21,6.19,2025-05-23,45000001015
100613,00010,M100174,PL03,25,5.78,2025-02-06,45000000834
100614,00010,M100477,PL02,16,17.28,2025-03-20,45000000572
100615,00010,M100419,PL01,21,12.33,2025-06-04,45000000111
100616,00010,M100002,PL03,15,36.93,2025-03-13,45000001227
100617,00010,M100301,PL01,20,4.64,2025-04-19,45000001810
100618,00010,M100332,PL03,18,27.69,2025-01-30,45000001527
100619,00010,M100208,PL02,25,60.05,2025-05-27,45000001981
100620,00010,M100011,PL01,13,18.69,2025-03-03,45000000991
100621,00010,M100479,PL03,28,204.57,2024-12-18,45000001011
100622,00010,M100234,PL01,20,15.34,2025-02-14,45000000709
100623,00010,M100400,PL01,27,22.2,2025-05-07,45000000063
100624,00010,M100447,PL02,26,21.44,2025-03-21,45000000769
100625,00010,M100276,PL02,18,7.01,2024-12-28,45000000333
100626,00010,M100022,PL03,19,14.77,2025-06-03,45000000002
100627,00010,M100285,PL03,15,26.55,2025-01-23,45000000824
100628,00010,M100452,PL02,19,95.03,2025-06-17,45000001963
100629,00010,M100150,PL01,20,11.16,2025-06-26,45000000143
100630,00010,M100133,PL03,23,4.38,2025-05-09,45000000751
100631,00010,M100179,PL01,21,70.33,2024-12-18,45000001473
100632,00010,M100265,PL02,8,146.82,2025-05-24,45000000986
100633,00010,M100235,PL03,23,7.8,2025-03-04,45000001148
100634,00010,M100418,PL01,31,33.23,2025-04-15,45000001578
100635,00010,M100362,PL01,16,17.9,2025-04-18,45000000199
100636,00010,M100402,PL03,25,14.29,2025-03-24,45000000461
100637,00010,M100301,PL03,8,5.29,2024-12-21,45000000160
100638,00010,M100253,PL03,17,74.64,2025-05-23,45000001058
100639,00010,M100320,PL02,18,54.58,2025-02-17,45000001103
100640,00010,M100428,PL01,21,36.4,2025-01-28,45000001334
100641,00010,M100455,PL02,16,13.23,2025-03-28,45000001602
100642,00010,M100243,PL03,21,43.79,2025-02-08,45000000084
100643,00010,M100416,PL02,20,150.12,2025-06-18,45000001885
100644,00010,M100027,PL01,17,32.23,2025-06-08,45000001454
100645,00010,M100046,PL02,14,7.4,2024-12-27,45000001531
100646,00010,M100303,PL02,19,7.78,2025-03-30,45000001031
100647,00010,M100246,PL01,15,10.71,2025-05-11,45000000428
100648,00010,M100081,PL03,19,25.7,2025-04-16,45000000290
100649,00010,M100173,PL03,19,6.57,2025-06-01,45000000530
100650,00010,M100410,PL01,23,10.77,2025-06-14,45000000714
100651,00010,M100426,PL01,21,18.76,2025-03-06,45000001592
100652,00010,M100211,PL02,12,5.45,2024-12-14,45000001790
100653,00010,M100109,PL02,18,2.0,2025-03-27,45000000600
100654,00010,M100313,PL03,24,4.15,2025-04-01,45000000402
100655,00010,M100019,PL03,23,7.87,2025-03-05,45000001044
100656,00010,M100279,PL01,31,8.89,2025-05-22,45000000155
100657,00010,M100215,PL02,20,101.32,2025-03-09,45000001563
100658,00010,M100064,PL03,22,34.69,2025-02-04,45000001463
100659,00010,M100220,PL02,15,3.35,2025-03-29,45000001274
100660,00010,M100156,PL03,14,11.24,2025-02-01,45000000296
100661,00010,M100360,PL03,25,2.84,2025-04-20,45000001038
100662,00010,M100136,PL03,21,14.1,2025-05-08,45000000665
100663,00010,M100101,PL02,23,15.0,2025-01-11,45000000814
100664,00010,M100369,PL03,24,46.07,2025-01-08,45000001270
100665,00010,M100391,PL01,10,36.11,2025-03-05,45000001849
100666,00010,M100068,PL03,24,10.63,2025-01-14,45000001061
100667,00010,M100242,PL03,24,55.1,2025-04-16,45000001288
100668,00010,M100500,PL03,19,21.57,2025-02-07,45000000633
100669,00010,M100304,PL01,15,15.2,2025-02-10,45000000894
100670,00010,M100100,PL01,19,6.69,2025-05-18,45000000576
100671,00010,M100002,PL03,11,58.15,2025-04-29,45000001848
100672,00010,M100226,PL02,25,11.94,2025-02-05,45000000315
100673,00010,M100327,PL03,17,42.3,2024-12-19,45000001969
100674,00010,M100214,PL01,22,71.66,2025-04-17,45000000684
100675,00010,M100313,PL02,13,20.36,2025-05-11,45000001474
100676,00010,M100009,PL02,23,17.4,2025-02-20,45000000427
100677,00010,M100071,PL01,20,5.64,2025-01-09,45000001398
100678,00010,M100098,PL01,23,25.98,2025-04-06,45000000176
100679,00010,M100044,PL02,18,27.94,2025-04-24,45000001694
100680,00010,M100172,PL03,29,75.53,2025-02-24,45000000594
100681,00010,M100343,PL01,19,29.24,2025-04-23,45000000808
100682,00010,M100110,PL03,17,6.34,2025-03-18,45000000491
100683,00010,M100088,PL02,17,124.44,2025-01-06,45000000522
100684,00010,M100472,PL02,25,21.72,2024-12-26,45000000704
100685,00010,M100122,PL01,24,60.02,2025-04-10,45000000492
100686,00010,M100462,PL03,18,281.12,2025-01-10,45000000423
100687,00010,M100064,PL01,21,37.64,2025-02-24,45000001439
100688,00010,M100204,PL01,18,14.74,2025-02-05,45000001965
100689,00010,M100188,PL03,20,220.7,2025-04-17,45000001884
100690,00010,M100441,PL01,15,33.24,2025-02-13,45000000444
100691,00010,M100041,PL02,16,9.68,2025-03-06,45000000772
100692,00010,M100306,PL02,15,14.95,2025-03-14,45000001878
100693,00010,M100465,PL03,17,12.58,2025-03-29,45000001697
100694,00010,M100087,PL01,25,38.27,2025-05-27,45000000055
100695,00010,M100416,PL01,29,51.92,2025-03-23,45000001893
100696,00010,M100316,PL02,24,16.74,2025-02-27,45000001537
100697,00010,M100006,PL03,23,67.57,2025-06-07,45000001027
100698,00010,M100322,PL02,17,10.11,2025-01-04,45000000227
100699,00010,M100289,PL02,17,7.35,2025-06-24,45000001861
100700,00010,M100116,PL01,19,22.94,2025-05-24,45000000641
100701,00010,M100155,PL01,15,77.89,2025-03-05,45000000410
100702,00010,M100068,PL03,22,66.47,2025-06-02,45000000013
100703,00010,M100364,PL03,26,28.48,2025-04-28,45000001897
100704,00010,M100267,PL01,17,15.94,2024-12-17,45000000405
100705,00010,M100310,PL01,12,12.64,2025-05-31,45000000800
100706,00010,M100241,PL02,15,25.53,2025-03-19,45000000074
100707,00010,M100173,PL02,16,12.46,2025-02-25,45000000196
100708,00010,M100336,PL01,25,37.8,2025-03-29,45000000400
100709,00010,M100389,PL03,16,8.23,2025-03-30,45000000309
100710,00010,M100297,PL03,16,13.03,2025-02-06,45000001360
100711,00010,M100050,PL03,26,82.73,2025-05-01,45000001460
100712,00010,M100139,PL02,16,33.31,2025-04-16,45000001344
100713,00010,M100131,PL01,18,43.94,2025-04-21,45000001049
100714,00010,M100048,PL01,26,22.4,2025-06-16,45000001196
100715,00010,M100210,PL02,20,32.35,2025-03-21,45000000216
100716,00010,M100022,PL03,21,11.22,2025-06-06,45000001767
100717,00010,M100316,PL02,26,20.6,2025-02-26,45000000998
100718,00010,M100063,PL02,18,42.8,2025-03-24,45000000164
100719,00010,M100271,PL03,17,71.66,2024-12-28,45000000860
100720,00010,M100153,PL01,25,20.98,2025-05-10,45000000980
100721,00010,M100201,PL02,22,96.98,2025-06-11,45000000560
100722,00010,M100287,PL02,24,12.81,2025-01-13,45000001542
100723,00010,M100477,PL02,22,4.52,2025-02-14,45000001858
100724,00010,M100483,PL03,25,7.84,2025-02-08,45000000539
100725,00010,M100107,PL01,16,16.75,2025-06-02,45000001178
100726,00010,M100043,PL01,21,12.21,2025-01-08,45000001761
100727,00010,M100066,PL02,22,18.43,2025-01-15,45000000852
100728,00010,M100267,PL03,21,73.79,2025-03-02,45000000281
100729,00010,M100161,PL03,17,19.29,2025-01-30,45000001925
100730,00010,M100002,PL01,23,9.99,2025-01-06,45000000497
100731,00010,M100235,PL03,19,13.59,2025-02-23,45000000312
100732,00010,M100289,PL02,28,17.88,2025-03-25,45000000132
100733,00010,M100286,PL02,19,14.43,2025-01-24,45000000252
100734,00010,M100009,PL01,21,35.06,2025-01-13,45000001705
100735,00010,M100230,PL02,23,12.2,2025-01-31,45000000495
100736,00010,M100008,PL03,18,25.24,2025-04-12,45000001210
100737,00010,M100137,PL02,25,144.38,2025-04-09,45000001590
100738,00010,M100448,PL03,19,33.3,2025-02-28,45000000137
100739,00010,M100265,PL02,23,4.65,2025-01-04,45000001626
100740,00010,M100031,PL01,23,28.89,2025-06-01,45000000648
100741,00010,M100216,PL01,19,4.18,2025-01-24,45000001958
100742,00010,M100083,PL02,23,22.02,2025-02-11,45000001954
100743,00010,M100140,PL01,20,8.17,2025-05-26,45000000585
100744,00010,M100142,PL01,17,4.2,2025-01-15,45000001291
100745,00010,M100480,PL01,16,9.8,2025-01-14,45000000905
100746,00010,M100449,PL02,16,107.05,2025-03-28,45000001813
100747,00010,M100174,PL01,21,68.27,2025-03-22,45000000360
100748,00010,M100440,PL01,17,6.59,2025-04-07,45000001095
100749,00010,M100191,PL02,18,68.75,2025-03-31,45000001012
100750,00010,M100358,PL01,20,75.59,2025-02-18,45000001184
100751,00010,M100142,PL03,14,181.79,2025-01-26,45000000708
100752,00010,M100112,PL02,21,81.32,2025-04-18,45000001667
100753,00010,M100365,PL03,17,49.61,2025-01-20,45000000240
100754,00010,M100443,PL03,15,32.61,2025-01-17,45000000351
100755,00010,M100257,PL03,20,73.24,2025-05-03,45000001130
100756,00010,M100087,PL03,15,9.68,2025-06-23,45000000956
100757,00010,M100104,PL03,17,12.42,2025-03-24,45000001146
100758,00010,M100049,PL03,22,212.64,2025-02-25,45000000936
100759,00010,M100490,PL02,15,64.11,2025-04-22,45000001684
100760,00010,M100439,PL03,18,17.25,2025-05-23,45000000773
100761,00010,M100334,PL01,17,9.85,2025-03-16,45000001349
100762,00010,M100468,PL03,24,12.25,2025-06-21,45000000660
100763,00010,M100203,PL03,21,21.78,2025-05-04,45000000867
100764,00010,M100098,PL03,18,4.71,2024-12-24,45000001153
100765,00010,M100147,PL03,16,8.59,2025-04-29,45000000571
100766,00010,M100221,PL02,17,15.41,2025-03-11,45000001564
100767,00010,M100247,PL01,30,5.17,2025-02-15,45000001261
100768,00010,M100276,PL02,19,7.28,2025-05-27,45000001293
100769,00010,M100494,PL02,19,37.88,2025-01-02,45000000650
100770,00010,M100035,PL02,23,18.97,2025-02-05,45000000558
100771,00010,M100137,PL01,26,7.86,2024-12-26,45000000821
100772,00010,M100089,PL03,21,19.4,2025-01-05,45000001423
100773,00010,M100071,PL01,21,12.64,2025-03-02,45000000028
100774,00010,M100149,PL02,18,19.38,2025-04-10,45000000426
100775,00010,M100472,PL01,24,12.4,2025-04-07,45000001499
100776,00010,M100442,PL03,18,43.12,2025-03-31,45000001115
100777,00010,M100201,PL01,19,7.45,2025-04-14,45000000639
100778,00010,M100363,PL03,18,101.98,2025-05-30,45000001447
100779,00010,M100387,PL01,9,8.53,2025-05-14,45000000488
100780,00010,M100198,PL02,19,83.04,2025-02-28,45000000949
100781,00010,M100051,PL03,24,90.86,2024-12-08,45000001197
100782,00010,M100290,PL01,24,20.81,2025-05-25,45000001085
100783,00010,M100109,PL03,16,40.0,2025-01-30,45000001250
100784,00010,M100330,PL03,23,23.07,2025-02-03,45000000496
100785,00010,M100346,PL02,18,8.39,2025-02-27,45000000598
100786,00010,M100193,PL01,19,4.09,2025-03-13,45000001243
100787,00010,M100319,PL03,20,35.12,2025-03-22,45000000997
100788,00010,M100045,PL03,15,41.97,2024-12-19,45000000091
100789,00010,M100205,PL03,26,45.91,2025-01-08,45000000051
100790,00010,M100289,PL02,19,42.53,2025-03-20,45000000790
100791,00010,M100400,PL02,17,12.82,2025-04-22,45000000263
100792,00010,M100265,PL02,17,8.27,2025-03-05,45000000712
100793,00010,M100392,PL01,17,5.55,2025-04-28,45000001219
100794,00010,M100364,PL02,28,13.15,2025-01-14,45000001106
100795,00010,M100157,PL01,23,9.11,2025-04-17,45000000149
100796,00010,M100070,PL02,22,5.97,2025-01-06,45000001817
100797,00010,M100448,PL01,16,32.31,2025-03-29,45000000391
100798,00010,M100403,PL02,31,28.94,2025-06-07,45000001993
100799,00010,M100107,PL01,18,2.05,2025-03-03,45000000079
100800,00010,M100436,PL01,19,62.79,2025-03-18,45000001411
100801,00010,M100318,PL03,14,33.93,2025-04-08,45000001617
100802,00010,M100161,PL01,19,5.57,2025-02-26,45000001696
100803,00010,M100184,PL02,26,72.07,2025-01-15,45000000036
100804,00010,M100051,PL03,25,1.72,2025-02-25,45000000942
100805,00010,M100003,PL02,25,12.3,2025-06-15,45000001387
100806,00010,M100135,PL01,24,3.08,2025-01-17,45000000952
100807,00010,M100337,PL01,18,41.72,2024-12-09,45000001797
100808,00010,M100335,PL03,20,16.82,2025-04-13,45000000324
100809,00010,M100400,PL02,16,216.2,2025-03-08,45000001090
100810,00010,M100112,PL02,23,21.53,2025-02-15,45000000007
100811,00010,M100489,PL02,9,46.76,2025-03-15,45000001246
100812,00010,M100152,PL02,18,16.43,2025-01-04,45000001946
100813,00010,M100320,PL03,30,18.72,2025-04-26,45000001126
100814,00010,M100236,PL02,17,112.47,2025-06-15,45000000453
100815,00010,M100447,PL01,16,27.43,2025-01-27,45000000925
100816,00010,M100422,PL02,20,14.04,2025-06-05,45000000816
100817,00010,M100181,PL03,11,27.74,2025-04-23,45000001725
100818,00010,M100433,PL03,25,11.22,2025-06-05,45000000217
100819,00010,M100416,PL03,20,42.96,2025-05-06,45000001820
100820,00010,M100471,PL02,22,9.8,2025-01-19,45000000396
100821,00010,M100185,PL02,16,8.77,2025-02-02,45000001588
100822,00010,M100200,PL01,18,19.88,2025-03-02,45000000792
100823,00010,M100156,PL03,12,7.51,2025-05-12,45000001157
100824,00010,M100279,PL03,22,35.63,2025-03-20,45000001917
100825,00010,M100002,PL01,25,23.58,2025-05-03,45000000504
100826,00010,M100100,PL01,13,6.08,2025-04-27,45000000734
100827,00010,M100392,PL03,22,5.6,2025-05-02,45000000384
100828,00010,M100323,PL02,14,31.13,2025-06-09,45000000726
100829,00010,M100450,PL02,25,1.7,2025-06-08,45000000311
100830,00010,M100111,PL02,14,182.53,2024-12-26,45000000595
100831,00010,M100115,PL02,22,18.06,2025-05-03,45000000921
100832,00010,M100113,PL03,9,8.04,2025-03-07,45000000521
100833,00010,M100310,PL03,17,27.52,2025-05-19,45000001691
100834,00010,M100048,PL01,20,6.42,2025-03-21,45000001614
100835,00010,M100489,PL03,18,25.33,2025-05-12,45000000922
100836,00010,M100168,PL03,23,19.62,2025-05-03,45000001708
100837,00010,M100299,PL01,24,62.42,2025-01-21,45000001570
100838,00010,M100440,PL03,27,90.35,2025-05-14,45000000206
100839,00010,M100434,PL03,11,24.16,2025-05-03,45000001871
100840,00010,M100072,PL02,17,119.24,2025-03-03,45000000786
100841,00010,M100249,PL03,19,187.08,2024-12-29,45000001772
100842,00010,M100435,PL03,24,21.55,2025-06-12,45000000760
100843,00010,M100078,PL02,23,17.43,2025-02-18,45000001785
100844,00010,M100050,PL02,21,23.12,2025-03-12,45000001771
100845,00010,M100323,PL01,20,31.16,2025-01-22,45000001516
100846,00010,M100359,PL03,19,43.54,2025-06-08,45000001982
100847,00010,M100433,PL03,21,30.15,2025-05-21,45000001323
100848,00010,M100013,PL03,18,262.16,2025-04-29,45000001747
100849,00010,M100163,PL01,27,38.13,2025-05-18,45000000664
100850,00010,M100178,PL02,19,52.5,2025-05-22,45000000679
100851,00010,M100303,PL03,22,22.03,2025-05-30,45000000881
100852,00010,M100210,PL01,17,4.17,2025-05-01,45000000575
100853,00010,M100336,PL03,20,35.15,2025-04-09,45000001535
100854,00010,M100184,PL02,25,90.27,2025-03-29,45000000630
100855,00010,M100476,PL01,14,8.71,2025-01-11,45000000316
100856,00010,M100486,PL03,22,35.28,2025-04-23,45000000743
100857,00010,M100378,PL03,22,14.64,2025-02-18,45000001104
100858,00010,M100272,PL02,13,7.37,2024-12-19,45000001746
100859,00010,M100481,PL03,18,54.35,2025-06-22,45000000787
100860,00010,M100230,PL03,17,33.14,2025-05-23,45000001521
100861,00010,M100394,PL02,17,21.12,2025-03-30,45000001532
100862,00010,M100326,PL01,21,8.98,2025-05-01,45000000027
100863,00010,M100261,PL02,19,4.3,2025-04-04,45000001892
100864,00010,M100343,PL01,20,4.86,2025-05-30,45000001166
100865,00010,M100151,PL02,15,6.13,2025-04-21,45000001844
100866,00010,M100145,PL03,20,33.05,2025-05-01,45000001714
100867,00010,M100198,PL01,16,11.32,2025-02-11,45000000257
100868,00010,M100156,PL03,18,23.49,2025-05-25,45000001311
100869,00010,M100216,PL03,22,21.3,2025-06-06,45000001235
100870,00010,M100172,PL02,24,14.69,2024-12-29,45000001574
100871,00010,M100142,PL03,18,30.23,2025-02-13,45000000189
100872,00010,M100288,PL03,22,18.43,2025-03-13,45000000190
100873,00010,M100375,PL03,27,14.03,2024-12-31,45000001458
100874,00010,M100447,PL03,21,61.43,2025-04-04,45000000663
100875,00010,M100205,PL01,16,8.22,2025-02-14,45000000243
100876,00010,M100078,PL03,18,7.72,2025-04-12,45000001773
100877,00010,M100077,PL02,23,19.51,2025-04-25,45000001282
100878,00010,M100198,PL02,20,21.25,2025-04-26,45000000689
100879,00010,M100306,PL01,22,9.71,2025-06-09,45000000826
100880,00010,M100301,PL01,16,25.18,2025-05-05,45000000864
100881,00010,M100044,PL02,23,4.67,2024-12-23,45000000499
100882,00010,M100057,PL02,20,8.47,2025-05-11,45000000042
100883,00010,M100480,PL01,24,42.49,2024-12-28,45000000895
100884,00010,M100429,PL02,20,3.61,2025-01-19,45000000449
100885,00010,M100142,PL02,18,19.77,2025-03-22,45000000100
100886,00010,M100424,PL02,18,7.73,2025-01-19,45000001356
100887,00010,M100266,PL03,25,28.32,2025-03-05,45000001726
100888,00010,M100010,PL02,27,6.55,2025-02-05,45000000899
100889,00010,M100405,PL02,25,27.99,2025-06-15,45000000583
100890,00010,M100359,PL02,16,23.07,2025-05-31,45000001397
100891,00010,M100117,PL01,18,15.42,2025-04-26,45000000485
100892,00010,M100261,PL02,24,22.61,2025-04-05,45000001414
100893,00010,M100313,PL02,16,9.58,2025-02-24,45000000721
100894,00010,M100128,PL02,19,2.27,2025-05-06,45000001904
100895,00010,M100179,PL01,22,15.76,2025-02-26,45000001749
100896,00010,M100033,PL03,13,14.41,2025-04-06,45000000251
100897,00010,M100166,PL03,20,25.28,2025-03-17,45000000437
100898,00010,M100179,PL01,15,6.6,2025-05-18,45000000077
100899,00010,M100164,PL02,21,28.34,2025-04-21,45000001544
100900,00010,M100309,PL03,14,92.1,2025-06-06,45000001207
100901,00010,M100206,PL01,21,18.05,2025-03-24,45000000720
100902,00010,M100385,PL01,16,24.92,2025-03-02,45000000517
100903,00010,M100376,PL03,23,5.59,2025-05-23,45000000820
100904,00010,M100365,PL01,22,16.13,2025-01-08,45000000891
100905,00010,M100116,PL02,15,31.05,2025-05-04,45000001650
100906,00010,M100420,PL03,20,13.6,2025-04-15,45000001655
100907,00010,M100305,PL02,17,41.35,2025-01-19,45000000686
100908,00010,M100484,PL02,24,40.49,2025-01-07,45000001386
100909,00010,M100241,PL03,19,55.26,2025-01-05,45000001214
100910,00010,M100252,PL02,23,12.98,2025-01-25,45000000440
100911,00010,M100235,PL03,20,29.37,2025-03-26,45000000420
100912,00010,M100263,PL03,20,10.76,2025-03-25,45000001857
100913,00010,M100025,PL03,21,81.31,2025-04-17,45000000832
100914,00010,M100124,PL03,26,10.18,2025-01-12,45000001400
100915,00010,M100189,PL02,16,13.14,2025-05-04,45000000993
100916,00010,M100037,PL02,17,24.5,2025-05-24,45000000778
100917,00010,M100155,PL03,15,26.61,2025-05-23,45000000503
100918,00010,M100362,PL03,14,19.59,2025-05-03,45000001159
100919,00010,M100404,PL01,28,51.54,2025-04-02,45000001953
100920,00010,M100007,PL02,25,22.88,2025-04-25,45000001482
100921,00010,M100475,PL03,19,4.34,2025-04-16,45000001520
100922,00010,M100176,PL01,26,36.54,2025-04-04,45000001709
100923,00010,M100318,PL02,22,9.94,2025-05-03,45000000201
100924,00010,M100499,PL02,21,31.98,2025-05-17,45000000350
100925,00010,M100111,PL03,19,95.46,2025-05-09,45000001258
100926,00010,M100460,PL02,17,54.17,2025-05-24,45000000840
100927,00010,M100203,PL03,16,11.72,2025-05-06,45000001145
100928,00010,M100352,PL01,20,7.85,2025-04-13,45000000636
100929,00010,M100036,PL02,15,19.43,2025-06-15,45000001413
100930,00010,M100157,PL03,20,21.25,2025-01-25,45000001388
100931,00010,M100315,PL03,24,161.05,2025-06-01,45000000319
100932,00010,M100399,PL03,22,72.45,2025-04-22,45000000060
100933,00010,M100303,PL02,12,10.41,2024-12-16,45000001368
100934,00010,M100384,PL01,24,53.34,2024-12-23,45000000582
100935,00010,M100144,PL02,19,13.46,2025-02-04,45000000356
100936,00010,M100261,PL02,25,10.43,2024-12-12,45000001239
100937,00010,M100029,PL01,26,20.06,2025-04-04,45000001113
100938,00010,M100042,PL02,20,21.28,2025-05-22,45000000494
100939,00010,M100260,PL03,29,9.25,2025-02-23,45000001314
100940,00010,M100040,PL01,20,59.88,2025-05-17,45000000724
100941,00010,M100341,PL03,22,5.89,2025-01-14,45000000181
100942,00010,M100072,PL02,26,52.26,2025-02-05,45000001495
100943,00010,M100028,PL01,26,19.57,2025-03-02,45000000245
100944,00010,M100300,PL02,17,59.37,2025-04-05,45000001698
100945,00010,M100253,PL02,18,16.24,2025-01-19,45000000275
100946,00010,M100221,PL02,18,13.5,2025-06-14,45000001643
100947,00010,M100221,PL02,31,9.79,2025-05-01,45000000577
100948,00010,M100155,PL01,21,10.5,2025-03-03,45000001200
100949,00010,M100094,PL02,17,17.89,2025-03-07,45000000393
100950,00010,M100026,PL02,22,36.68,2025-02-07,45000001585
100951,00010,M100183,PL01,20,21.65,2024-12-23,45000000221
100952,00010,M100150,PL01,29,27.06,2025-06-09,45000000235
100953,00010,M100028,PL03,10,17.69,2025-02-06,45000000941
100954,00010,M100472,PL03,18,30.13,2025-01-06,45000000035
100955,00010,M100074,PL01,19,63.0,2025-04-21,45000000086
100956,00010,M100454,PL01,13,13.72,2025-02-15,45000000747
100957,00010,M100371,PL03,21,8.07,2025-06-23,45000000157
100958,00010,M100370,PL02,19,133.83,2025-04-30,45000001756
100959,00010,M100162,PL01,20,4.75,2025-02-12,45000001260
100960,00010,M100376,PL02,16,13.7,2025-03-28,45000001769
100961,00010,M100382,PL03,21,52.63,2025-03-17,45000001124
100962,00010,M100423,PL03,13,14.3,2025-05-09,45000001006
100963,00010,M100381,PL01,19,82.57,2025-04-09,45000000913
100964,00010,M100204,PL01,22,5.64,2025-04-05,45000000364
100965,00010,M100150,PL01,16,37.2,2025-04-21,45000001722
100966,00010,M100437,PL02,25,54.86,2025-02-19,45000001046
100967,00010,M100191,PL02,23,156.95,2025-04-17,45000001083
100968,00010,M100125,PL01,21,7.38,2025-01-19,45000001353
100969,00010,M100283,PL01,15,28.23,2025-03-27,45000000381
100970,00010,M100163,PL02,15,15.25,2025-04-05,45000001815
100971,00010,M100159,PL02,17,18.93,2025-03-17,45000001329
100972,00010,M100069,PL02,16,16.66,2025-04-21,45000000510
100973,00010,M100446,PL01,15,3.49,2025-04-02,45000000068
100974,00010,M100305,PL01,21,21.06,2025-02-20,45000001778
100975,00010,M100416,PL01,18,64.15,2025-03-19,45000001209
100976,00010,M100225,PL03,18,22.78,2025-03-10,45000001129
100977,00010,M100481,PL03,18,80.49,2025-02-16,45000001177
100978,00010,M100406,PL03,21,13.31,2025-05-21,45000001109
100979,00010,M100424,PL03,17,73.29,2025-02-19,45000000188
100980,00010,M100249,PL01,15,16.39,2025-05-17,45000000472
100981,00010,M100415,PL01,17,16.12,2025-03-25,45000001824
100982,00010,M100391,PL02,22,27.08,2025-05-17,45000000394
100983,00010,M100459,PL02,20,11.21,2025-01-20,45000001249
100984,00010,M100406,PL02,19,96.29,2025-05-04,45000001816
100985,00010,M100217,PL03,14,8.75,2025-03-25,45000001081
100986,00010,M100125,PL02,22,11.9,2025-04-12,45000001286
100987,00010,M100061,PL03,21,39.85,2025-04-27,45000000962
100988,00010,M100390,PL03,16,13.34,2025-06-04,45000000348
100989,00010,M100487,PL03,29,38.49,2025-05-01,45000000075
100990,00010,M100028,PL02,14,16.46,2025-03-08,45000000330
100991,00010,M100466,PL01,23,18.94,2025-06-08,45000001595
100992,00010,M100253,PL01,20,120.46,2025-01-30,45000001098
100993,00010,M100235,PL02,24,9.96,2025-04-23,45000001409
100994,00010,M100345,PL02,20,84.66,2025-03-31,45000001144
100995,00010,M100413,PL03,17,11.48,2024-12-25,45000000135
100996,00010,M100333,PL03,22,21.6,2025-02-18,45000000104
100997,00010,M100045,PL02,19,69.91,2025-03-15,45000000010
100998,00010,M100009,PL01,22,26.82,2025-06-06,45000001930
100999,00010,M100449,PL01,22,11.13,2025-01-07,45000000544
101000,00010,M100122,PL02,23,94.7,2025-04-05,45000001543
101001,00010,M100394,PL01,22,62.38,2025-01-21,45000000011
101002,00010,M100375,PL02,22,42.8,2025-03-23,45000000919
101003,00010,M100389,PL02,18,14.99,2024-12-14,45000001181
101004,00010,M100142,PL01,23,29.06,2025-01-07,45000000640
101005,00010,M100262,PL02,21,23.89,2025-01-11,45000001013
101006,00010,M100260,PL02,17,35.8,2025-04-23,45000000827
101007,00010,M100470,PL03,19,19.21,2025-06-01,45000000767
101008,00010,M100367,PL03,26,8.13,2025-01-08,45000001117
101009,00010,M100371,PL01,26,10.62,2025-03-25,45000001720
101010,00010,M100121,PL03,17,33.67,2025-01-11,45000000065
101011,00010,M100148,PL01,21,65.32,2025-05-24,45000000285
101012,00010,M100447,PL03,13,16.54,2024-12-20,45000001241
101013,00010,M100228,PL02,22,8.35,2025-06-03,45000001575
101014,00010,M100380,PL02,19,10.92,2025-04-16,45000000617
101015,00010,M100167,PL02,20,74.05,2025-02-10,45000001021
101016,00010,M100254,PL03,20,19.29,2025-02-14,45000000371
101017,00010,M100270,PL01,14,84.16,2025-04-06,45000001819
101018,00010,M100152,PL03,19,6.9,2025-02-02,45000001037
101019,00010,M100195,PL01,28,7.98,2025-05-21,45000001609
101020,00010,M100057,PL01,26,49.94,2025-04-02,45000000126
101021,00010,M100142,PL02,24,7.34,2025-03-17,45000001834
101022,00010,M100177,PL02,20,4.14,2024-12-26,45000000408
101023,00010,M100298,PL01,25,26.83,2025-02-23,45000000683
101024,00010,M100138,PL01,13,14.33,2025-04-14,45000001985
101025,00010,M100386,PL01,19,11.89,2025-01-22,45000001526
101026,00010,M100280,PL03,14,7.52,2025-01-17,45000000474
101027,00010,M100144,PL01,18,1.85,2025-03-28,45000000140
101028,00010,M100210,PL01,24,8.54,2025-05-10,45000001569
101029,00010,M100144,PL03,25,65.42,2025-03-13,45000000192
101030,00010,M100173,PL01,27,6.21,2025-05-05,45000001744
101031,00010,M100042,PL03,20,55.14,2025-04-04,45000000483
101032,00010,M100083,PL01,18,14.13,2025-02-25,45000001607
101033,00010,M100474,PL01,22,22.37,2025-01-17,45000001389
101034,00010,M100475,PL03,19,65.61,2025-02-06,45000000321
101035,00010,M100443,PL01,21,134.66,2025-03-01,45000001712
101036,00010,M100157,PL02,14,7.48,2025-02-07,45000000755
101037,00010,M100271,PL01,16,10.9,2025-04-15,45000001960
101038,00010,M100110,PL03,21,19.83,2025-04-07,45000000431
101039,00010,M100219,PL01,18,36.06,2025-01-16,45000001952
101040,00010,M100401,PL03,19,74.35,2024-12-18,45000001297
101041,00010,M100164,PL02,21,11.36,2025-01-06,45000001395
101042,00010,M100177,PL01,21,37.37,2025-01-03,45000000208
101043,00010,M100272,PL03,31,28.06,2025-01-04,45000000238
101044,00010,M100235,PL03,23,99.53,2025-04-13,45000001004
101045,00010,M100215,PL03,20,4.96,2025-03-23,45000000346
101046,00010,M100087,PL01,20,6.66,2025-05-31,45000000963
101047,00010,M100135,PL01,26,22.89,2025-05-19,45000001724
101048,00010,M100407,PL01,24,3.11,2025-02-11,45000001164
101049,00010,M100193,PL01,19,18.41,2025-02-08,45000001735
101050,00010,M100287,PL03,14,33.93,2025-01-04,45000000458
101051,00010,M100302,PL03,26,95.88,2024-12-26,45000000301
101052,00010,M100328,PL03,16,3.64,2025-04-06,45000001886
101053,00010,M100297,PL01,24,3.55,2025-01-18,45000000460
101054,00010,M100462,PL03,18,11.09,2025-05-14,45000000943
101055,00010,M100303,PL01,16,37.33,2025-03-27,45000001661
101056,00010,M100194,PL02,26,81.78,2025-05-17,45000001318
101057,00010,M100173,PL01,16,48.3,2025-01-01,45000000475
101058,00010,M100491,PL03,17,2.36,2025-05-17,45000001071
101059,00010,M100427,PL03,18,8.94,2025-01-06,45000000464
101060,00010,M100336,PL03,19,35.13,2025-01-05,45000000006
101061,00010,M100205,PL02,22,34.7,2025-05-26,45000000842
101062,00010,M100431,PL02,18,15.88,2025-01-21,45000000327
101063,00010,M100378,PL02,24,102.25,2025-01-09,45000001125
101064,00010,M100428,PL01,21,49.66,2025-01-09,45000001651
101065,00010,M100447,PL03,25,5.06,2025-02-18,45000001468
101066,00010,M100483,PL03,16,21.86,2025-03-04,45000000893
101067,00010,M100252,PL01,18,17.36,2025-01-20,45000000014
101068,00010,M100187,PL02,18,11.36,2025-02-26,45000000695
101069,00010,M100241,PL01,24,11.28,2025-04-16,45000000388
101070,00010,M100119,PL02,22,2.36,2025-05-09,45000000524
101071,00010,M100006,PL03,23,10.49,2025-04-30,45000001715
101072,00010,M100435,PL02,23,10.61,2024-12-20,45000001319
101073,00010,M100413,PL01,24,27.37,2025-04-08,45000001553
101074,00010,M100402,PL03,15,1.89,2025-05-01,45000000604
101075,00010,M100039,PL01,17,9.84,2025-03-04,45000000843
101076,00010,M100377,PL02,16,22.65,2025-06-04,45000000323
101077,00010,M100157,PL01,20,8.61,2025-04-02,45000001198
101078,00010,M100175,PL01,16,21.46,2024-12-04,45000001833
101079,00010,M100139,PL02,21,5.13,2024-12-22,45000001014
101080,00010,M100313,PL02,24,13.51,2025-05-24,45000001942
101081,00010,M100095,PL01,16,6.39,2025-05-22,45000001579
101082,00010,M100485,PL03,22,5.7,2025-02-26,45000001938
101083,00010,M100021,PL01,22,36.37,2025-05-05,45000000555
101084,00010,M100312,PL02,25,9.61,2025-04-22,45000000831
101085,00010,M100099,PL03,18,9.99,2025-06-15,45000000456
101086,00010,M100463,PL03,22,40.6,2025-01-08,45000000308
101087,00010,M100459,PL03,28,71.62,2025-03-31,45000000073
101088,00010,M100251,PL03,13,83.38,2025-05-01,45000000258
101089,00010,M100015,PL01,22,28.0,2025-03-23,45000001345
101090,00010,M100127,PL01,25,18.31,2025-03-02,45000000003
101091,00010,M100186,PL03,18,4.83,2025-04-29,45000001550
101092,00010,M100200,PL03,12,7.61,2025-05-16,45000001967
101093,00010,M100246,PL01,23,8.32,2025-03-17,45000001332
101094,00010,M100429,PL02,21,23.54,2025-03-30,45000001717
101095,00010,M100277,PL03,15,50.24,2024-12-26,45000000930
101096,00010,M100341,PL03,19,24.18,2025-06-09,45000001504
101097,00010,M100294,PL03,19,10.71,2025-03-23,45000000480
101098,00010,M100209,PL01,30,19.17,2025-01-17,45000001393
101099,00010,M100344,PL02,24,53.71,2025-02-09,45000000910
101100,00010,M100127,PL01,28,74.91,2025-05-30,45000000118
101101,00010,M100424,PL03,13,34.78,2025-03-31,45000001649
101102,00010,M100308,PL02,20,6.65,2025-05-18,45000001660
101103,00010,M100428,PL03,15,4.15,2025-05-08,45000001030
101104,00010,M100287,PL01,23,47.93,2025-03-01,45000000467
101105,00010,M100267,PL02,20,12.27,2025-04-27,45000001536
101106,00010,M100405,PL02,15,8.0,2025-01-17,45000001509
101107,00010,M100229,PL03,19,14.12,2025-04-26,45000000446
101108,00010,M100295,PL02,20,12.53,2025-04-10,45000001036
101109,00010,M100309,PL03,21,28.3,2025-04-02,45000000777
101110,00010,M100056,PL01,20,306.31,2025-03-25,45000000605
101111,00010,M100495,PL03,29,29.97,2025-03-19,45000000569
101112,00010,M100283,PL01,25,41.9,2025-02-25,45000001461
101113,00010,M100022,PL01,24,18.69,2025-05-25,45000001922
101114,00010,M100388,PL03,22,18.53,2025-03-20,45000001079
101115,00010,M100205,PL03,19,78.37,2025-03-05,45000001093
101116,00010,M100359,PL01,22,13.61,2025-05-12,45000000085
101117,00010,M100496,PL02,28,34.16,2025-04-21,45000001599
101118,00010,M100200,PL01,21,9.21,2025-03-09,45000001624
101119,00010,M100184,PL02,17,14.88,2025-05-13,45000001172
101120,00010,M100340,PL03,24,48.86,2025-05-16,45000000756
101121,00010,M100126,PL01,20,11.71,2025-03-28,45000001371
101122,00010,M100345,PL02,19,70.3,2024-12-21,45000000152
101123,00010,M100184,PL03,17,29.8,2025-06-03,45000001727
101124,00010,M100308,PL01,24,60.63,2025-02-04,45000001182
101125,00010,M100314,PL01,20,137.79,2025-05-26,45000000389
101126,00010,M100280,PL03,22,51.84,2025-06-05,45000000732
101127,00010,M100434,PL01,14,4.9,2025-02-10,45000000173
101128,00010,M100214,PL02,14,7.87,2025-04-29,45000001681
101129,00010,M100141,PL02,30,63.24,2025-02-27,45000000531
101130,00010,M100157,PL03,13,11.93,2025-05-31,45000001221
101131,00010,M100064,PL01,25,8.98,2025-05-05,45000000766
101132,00010,M100152,PL01,25,16.21,2025-02-23,45000000736
101133,00010,M100290,PL02,16,89.69,2025-02-13,45000001512
101134,00010,M100234,PL03,17,6.4,2025-02-06,45000001374
101135,00010,M100321,PL02,31,32.96,2025-02-25,45000001375
101136,00010,M100410,PL03,26,4.83,2025-06-11,45000000375
101137,00010,M100152,PL03,19,24.29,2025-01-20,45000001158
101138,00010,M100232,PL03,27,21.94,2025-05-05,45000000710
101139,00010,M100473,PL03,16,78.19,2025-05-01,45000000938
101140,00010,M100397,PL03,18,21.58,2025-06-20,45000001996
101141,00010,M100385,PL02,21,13.3,2025-03-07,45000001075
101142,00010,M100491,PL02,18,3.65,2025-02-04,45000001862
101143,00010,M100197,PL02,10,9.9,2025-04-21,45000001420
101144,00010,M100342,PL02,15,4.52,2025-01-22,45000000671
101145,00010,M100111,PL03,22,21.3,2025-01-08,45000000033
101146,00010,M100184,PL02,18,11.24,2025-05-11,45000000239
101147,00010,M100393,PL01,15,36.52,2025-05-31,45000000128
101148,00010,M100118,PL02,20,52.73,2025-02-23,45000000355
101149,00010,M100311,PL03,19,42.41,2025-01-11,45000000165
101150,00010,M100115,PL01,16,11.61,2025-02-23,45000001453
101151,00010,M100224,PL02,18,13.16,2025-01-19,45000000493
101152,00010,M100156,PL02,22,47.72,2025-04-05,45000000473
101153,00010,M100386,PL03,18,7.45,2025-03-22,45000001913
101154,00010,M100336,PL02,18,31.42,2025-01-06,45000001364
101155,00010,M100199,PL03,18,6.81,2025-05-08,45000001770
101156,00010,M100104,PL02,22,46.9,2025-05-12,45000001287
101157,00010,M100097,PL01,20,2.45,2025-05-18,45000000090
101158,00010,M100344,PL03,14,228.29,2025-01-15,45000001290
101159,00010,M100470,PL01,10,12.7,2025-05-12,45000000098
101160,00010,M100275,PL01,19,4.35,2025-04-15,45000001067
101161,00010,M100235,PL01,24,21.31,2025-02-12,45000001024
101162,00010,M100245,PL01,12,25.33,2025-03-09,45000001576
101163,00010,M100267,PL03,24,28.8,2025-03-13,45000001365
101164,00010,M100172,PL03,20,111.11,2025-04-03,45000000450
101165,00010,M100434,PL03,20,51.2,2025-02-14,45000000551
101166,00010,M100317,PL02,16,3.79,2025-05-16,45000001230
101167,00010,M100450,PL02,19,60.65,2025-01-03,45000000219
101168,00010,M100346,PL01,23,77.92,2025-03-28,45000000179
101169,00010,M100451,PL03,29,62.92,2025-05-13,45000000434
101170,00010,M100402,PL01,15,20.51,2025-01-31,45000000568
101171,00010,M100138,PL03,21,121.74,2024-12-13,45000001577
101172,00010,M100158,PL02,24,38.03,2025-03-16,45000000742
101173,00010,M100026,PL03,17,84.41,2024-12-19,45000001277
101174,00010,M100291,PL02,15,15.89,2025-04-19,45000000484
101175,00010,M100368,PL03,24,85.29,2025-01-22,45000001480
101176,00010,M100059,PL02,21,71.89,2025-05-31,45000001571
101177,00010,M100465,PL01,23,14.02,2025-02-13,45000000438
101178,00010,M100137,PL02,24,44.8,2025-04-29,45000000781
101179,00010,M100338,PL03,27,11.62,2025-03-07,45000000549
101180,00010,M100437,PL01,22,5.31,2025-05-20,45000000854
101181,00010,M100413,PL03,24,38.41,2025-02-01,45000001086
101182,00010,M100249,PL03,19,24.34,2025-05-27,45000001776
101183,00010,M100036,PL03,15,20.97,2025-06-25,45000000783
101184,00010,M100106,PL02,20,33.59,2025-01-08,45000001440
101185,00010,M100168,PL03,20,31.3,2025-05-30,45000001890
101186,00010,M100447,PL03,16,14.03,2025-06-15,45000001908
101187,00010,M100029,PL02,22,20.2,2025-04-04,45000001008
101188,00010,M100381,PL01,19,11.67,2025-01-18,45000001273
101189,00010,M100009,PL03,17,6.01,2024-12-19,45000001437
101190,00010,M100360,PL03,21,23.59,2025-05-13,45000000674
101191,00010,M100198,PL01,25,30.81,2025-06-11,45000001907
101192,00010,M100181,PL01,18,56.95,2025-06-03,45000000687
101193,00010,M100008,PL02,23,21.79,2025-03-01,45000001336
101194,00010,M100391,PL01,23,20.92,2024-12-17,45000001677
101195,00010,M100460,PL01,21,9.06,2025-02-23,45000000818
101196,00010,M100249,PL01,19,16.34,2025-01-30,45000000753
101197,00010,M100265,PL03,23,44.17,2024-12-08,45000000122
101198,00010,M100182,PL03,21,26.52,2025-04-09,45000000700
101199,00010,M100263,PL03,22,103.04,2025-05-03,45000000877
101200,00010,M100243,PL03,16,7.66,2025-03-24,45000001794
